DOI,Citing Paper ID,Paper DOI
10.37934/araset.43.1.5465,0c49f105a4d485d892233254b35edf4b1b625216,10.21111/aliktisab.v8i2.12838
10.1038/s41598-024-76079-5,6f6169cff083864513712524a33d035fd3053d20,10.1038/s41598-025-85392-6
10.1016/j.rcsop.2024.100521,d6ae1c8605678d28dddeb437db91ca699aee0d27,10.1016/j.lansea.2024.100517
10.1007/s42001-024-00326-y,3afab6e9d6a07b36cf164ec2eaf8fd58bd76e9ed,10.12928/channel.v12i2.964
10.1007/s42001-024-00326-y,13dce34e597626a2fb6e014116345bd1a2f6d443,10.62754/joe.v3i5.3912
10.1007/s42001-024-00326-y,ed8f1113b4bb2c407e76e373ede810407834a7ff,10.1109/TII.2023.3341244
10.1007/s42001-024-00326-y,f6d00ccfa8d55fd8a44cf436591db98342030edd,10.2478/amns-2024-3471
10.1007/s42001-024-00326-y,6904da29170aa69f7175c4bb3662456ddc37e9cb,10.1155/2023/1896556
10.1007/s42001-024-00326-y,2f372eeafd5db23630136dbbec18b4e26762384c,10.1109/IJCNN54540.2023.10191436
10.1007/s42001-024-00326-y,a76e85147851de755cee0d21399743c19a76064e,10.1109/ACCESS.2024.3443092
10.1007/s42001-024-00326-y,d02587dda7b89b6af802528201e34d144427f2dd,10.1109/ACCESS.2023.3307716
10.1007/s42001-024-00326-y,5a38169797fc7e814fd2737504bd3196fcb98e53,10.32604/cmc.2023.040997
10.1007/s42001-024-00326-y,3ad0d26abf581c049c4a3aff14de66d3258adfb5,
10.1007/s13278-024-01340-8,9be5efffde01a2468fb35f93d8bfadcd7ff7bdca,10.3390/socsci13120666
10.1007/s13278-024-01309-7,ff4d8c6ce65f36931523f36c1fdb8b65ecc3720f,10.1080/10293523.2024.2410059
10.1186/s12544-024-00651-3,446ddc83d405cf9e01ab1a9afb06b41e604c42d5,10.1108/jilt-06-2024-0035
10.1186/s12544-024-00651-3,f763f56458494acc6d4190ebbddbaecc8368e07c,10.1163/22142312-bja10063
10.1007/s13278-024-01240-x,73ca09e73668d7cfa57a772c3d5aee01b17a8656,10.1186/s40537-024-00947-0
10.1007/s13278-024-01240-x,63d7d419bc8725c3f6e7c8927f2a88a9f329248e,10.1145/3687311.3687373
10.1007/s13278-024-01240-x,de4c157ce0195c20fa032c8594705f3ea462c6e3,10.1007/s11227-024-06186-7
10.1007/s13278-024-01240-x,e6ece8dfa801c7c4c70996ce2af40610f8b846dc,10.1038/s41598-024-76079-5
10.1038/s41746-024-01077-w,eb490e037a9efaecad63e1abba5795bb6d547d7b,10.2196/66220
10.1038/s41746-024-01077-w,f002bb8bcc534504d47ef8bf18664fb3dc013843,10.1007/s11883-024-01210-w
10.1038/s41746-024-01077-w,e75461f8c8a3868f97050f2884ba3c832edb8f09,10.48550/arXiv.2405.19519
10.1007/s44196-023-00375-7,f41a6927ede37fdc5342cb7764b5080514523f2c,10.7717/peerj-cs.2542
10.1007/s44196-023-00375-7,2c9311ebed4acdad23d4fe076484a8bbdb92495f,10.1007/s11227-024-06640-6
10.1007/s44196-023-00375-7,3297bcdbbea9dbe067a4caaaf5a28b414af0575c,10.1016/j.aei.2024.102847
10.1007/s44196-023-00375-7,52afb2b56976a2a9a680c7d3e98983232e87123d,10.1016/j.clrc.2024.100228
10.1038/s41598-024-51408-w,ee0a15bc8d6d337c1aef6f54f3193a9cec061a52,10.26881/jpgs.2024.2.01
10.1038/s41598-024-51408-w,da27673e74cdbb5b6ad00be44a5332e02c3728f9,10.14254/2071-8330.2023/17-3/4
10.1038/s41598-024-51408-w,7d55071870a667408433b8368275dedcbbc56195,10.4018/ijitwe.347880
10.1038/s41598-024-51408-w,228c08209407923964fc4c46f4f69fbb10c4993e,10.11591/ijeecs.v35.i1.pp520-541
10.1038/s41598-024-51408-w,c1aabc47b0a4e1cf052fdc74f3a34096c3f1a72a,10.1109/ACCESS.2024.3417449
10.5267/j.dsl.2023.9.003,3665633a8ed609475554fed4d0406925721a5f4f,10.11591/ijeecs.v36.i3.pp1694-1700
10.5267/j.dsl.2023.9.003,3a339240f1c9d4aeffd71e14cfbb67288971636b,10.1038/s41598-024-75114-9
10.5267/j.dsl.2023.9.003,ab7077b08dff485392a4f7f967944f14bcf3ab7b,10.3390/logistics8030091
10.5267/j.dsl.2023.9.003,15a982801c2fb325800742686b2eefeef65405aa,10.53894/ijirss.v7i4.3408
10.5267/j.dsl.2023.9.003,9c41c91d15d487ed189da8de49e7baa76826042f,10.3390/bdcc8080081
10.5267/j.dsl.2023.9.003,c9dc0f5fb915a13a35fcd71b65aaa87b1c4cd6e5,10.62486/latia20236
10.1007/s13278-023-01168-8,908f3f7ca6ed5889cf8a5384eff0a94ee890bde0,10.1007/s13278-024-01340-8
10.1007/s13278-023-01168-8,6de31b2bd8e168ec80e7fce72227421c25f0d343,10.55338/jpkmn.v5i2.3330
10.1007/s13278-023-01168-8,a61001e181d5cb764a7a42979407c007e0299fe1,10.1007/s13278-024-01278-x
10.1007/s13278-023-01168-8,f1b3452c9d23e6ea028f5dbf92adbafaea84cdef,10.1007/s41870-024-01907-w
10.1145/3652149,581ac80c600e5d161d3cac17afa365a51a6b35e7,10.1016/j.heliyon.2024.e40986
10.1145/3652149,c013589b32d1574d47db21eecdcdbb2e2f5fd025,10.1007/s10489-024-06113-6
10.1145/3652149,e4bb37009a156bf72193787f8cf6bd2184a7ed9c,10.1016/j.csl.2024.101755
10.1145/3652149,0f47139fa4e4b58f1baa3faf096f5ca1c64939c5,10.1145/3689062.3689375
10.1145/3652149,aa1f01f3d70103cc34b841e0552b236b87361728,10.4018/joeuc.358002
10.1145/3652149,e8e35b0d21ed0475350bfa019a12333d3b00762e,10.1109/AICIT62434.2024.10730527
10.1145/3652149,35343ce897fc4be5e7091109348c67602a5f42ef,10.3390/app14178071
10.1145/3652149,378ef6735577260016f767bfd17c66c1f3892a9f,10.1007/s10115-024-02214-3
10.1371/journal.pone.0305148,75868bc014a12767a6de9f735f5b8dbbd9cd2c4e,10.1177/15291006241277810
10.1016/j.actpsy.2024.104498,ff6abcecd85fb5a92a3666abc34872bc1a637d98,10.1080/09585192.2024.2417177
10.1002/berj.4026,45098b672b1471083adcc7be1b5d5d4eee6682b9,10.1016/j.actpsy.2024.104498
10.1002/berj.4026,e2a68f11c4dceb8acb91fb2791e0b000c876689d,10.1108/ijchm-09-2023-1515
10.1016/j.eswa.2024.123913,b3fd9ee877b3c52633a66147b26e3be5aa3fa64a,10.1016/j.eswa.2024.126298
10.3390/bdcc8090112,e44edbb8cff2ef80c969adb035a5955509aa88ef,10.3390/diagnostics14222511
10.3390/bdcc8090112,789caf5b5da2fe36840b461d779d1bcaf7a98d8d,10.3390/analytics3040023
10.3390/bdcc8090107,7093124297f034b7acde8517518a475d51a6964e,10.3390/electronics14010118
10.1016/j.landurbplan.2024.105131,7fa05880aeb9dda4c101b144d83f8a096425fe14,10.1016/j.ufug.2024.128589
10.1016/j.landurbplan.2024.105131,0ccb766a794b285c2f294cda409391776be4562f,10.3390/land13111733
10.1016/j.jretconser.2024.103928,d65d4db5a64c3080de6787dda5b203eecd1bd516,10.1016/j.jretconser.2024.104135
10.1016/j.jretconser.2024.103928,2e5ff7ee404fc4380f2ae0c9b6a1e875c6a34011,10.1016/j.jretconser.2024.104059
10.1007/s11042-024-18582-5,3423fdf73883d939cdb070ab51fe1d505fab6858,10.1007/s11227-024-06150-5
10.1007/s11042-024-18452-0,c969342a856f369a4590c0b2f391ac173a7d9264,10.1007/s42979-024-03463-3
10.1007/s11042-024-18452-0,fb707d1f912e0a019b1856ffdca10c2b4db74f86,10.1109/ICECSP61809.2024.10698274
10.1007/s11042-024-18452-0,6394e1dd7db6edefb5026150245d03dbd73972e4,10.1109/ICDCOT61034.2024.10515983
10.1007/s11042-024-18452-0,bdb79295801739b01900395f2e5c2eea5013e58a,10.14569/ijacsa.2024.0151199
10.1007/s11042-024-18452-0,4052b225f9642bb68d4c4eb283277497e33199b6,10.17721/um/54(2024).204-221
10.1016/j.heliyon.2024.e36049,e62b8414b3976cf6fc391b036b60c8290f1544ed,10.3390/app142411825
10.1073/pnas.2308950121,36ab2b2d7fe01d85b2a9ae95087bcf464ed33d18,
10.1073/pnas.2308950121,8e7e4f3f7cb32f3a93b5f6fda367af3e9b04c243,10.1038/s44159-024-00392-z
10.1073/pnas.2308950121,9f390d1f8352f937d75948e74250de4779768b99,10.1002/capr.12869
10.1073/pnas.2308950121,bdb69a22329d93ffa96877fa8efdc6dd7b81358b,10.1016/j.neucom.2024.129138
10.1073/pnas.2308950121,cbdf59c8d7216027449d81545ec44cd0b4764444,10.1016/j.futures.2024.103537
10.1073/pnas.2308950121,df0acdfc26500b4ccd634538edc9f91b33901efe,10.1371/journal.pone.0311095
10.1073/pnas.2308950121,3e7ee9e7b1da9a42fa222e12afca554a0e822097,10.1073/pnas.2409329121
10.1073/pnas.2308950121,dc5acbe92a67ba11f0a660b49fbe828e16d00787,10.7717/peerj-cs.2401
10.1073/pnas.2308950121,a927eb9987b7059ee5f8bea835a2ce116e8528fd,10.1109/iceccme62383.2024.10797013
10.1073/pnas.2308950121,a1fbc45b5a2114df06b1b7cefa5eca3dc8ae8fd0,10.48550/arXiv.2410.23426
10.1073/pnas.2308950121,91f657c27946a6a96d122c2beace6d3068ee5df6,
10.1073/pnas.2308950121,744e7b8210ae061d9ce0b28b4d5871c115bed958,10.1371/journal.pone.0305148
10.1073/pnas.2308950121,23cae0b74e5543781652bbbcc25e170b7732f3d6,10.48550/arXiv.2410.15884
10.1073/pnas.2308950121,5d4513c5321cac93ec26e6ebc5d82e1f9b7c7b51,10.48550/arXiv.2410.12896
10.1073/pnas.2308950121,c918cdcfed62b2f01544dce96cf9f16da7c73b79,10.3844/jcssp.2024.1349.1356
10.1073/pnas.2308950121,650a5ebca81bb4799d3f6c8ca38b88af44ad5fb9,10.1016/j.jbi.2024.104735
10.1073/pnas.2308950121,57b3ec0a322ca7dd02d2c42a9b7127d349493f08,10.2139/ssrn.4853774
10.1073/pnas.2308950121,a77a83a71bb57c0f65298f2d88ab736d9a34bcfe,10.1177/14614448241279034
10.1073/pnas.2308950121,40ee78489abb2d549818ccf84578df3391c9521d,10.48550/arXiv.2409.13354
10.1073/pnas.2308950121,2d3d067c24a5c21e89088793fff4d2481597b637,10.1038/s41562-024-01959-9
10.1073/pnas.2308950121,cd1cc9ed31c850d8c6d9664dada2f636048f7990,10.48550/arXiv.2409.12722
10.1073/pnas.2308950121,fffed49723121efa88138860852725b0580e76ce,10.48550/arXiv.2409.11733
10.1073/pnas.2308950121,207a11a8075c31b325f1b9988581c63f99a364ea,10.48550/arXiv.2409.10760
10.1073/pnas.2308950121,132f4b25b7e5a8494a9f71e36123905eef6be106,10.48550/arXiv.2409.09601
10.1073/pnas.2308950121,520134bc8ec755722cae31e0265c0f438b29e12e,10.3390/smartcities7050095
10.1073/pnas.2308950121,e497bcfba9e2dee0ee6b1cf0f4acc61e4a78b2ca,10.1093/pnasnexus/pgae345
10.1073/pnas.2308950121,da6f85e567f8e3436bcb7c4c75b0cab49f7cb24f,10.3758/s13428-024-02455-8
10.1073/pnas.2308950121,ba73f425dc7e815991f9b547227c7a674e9e000a,10.48550/arXiv.2408.06929
10.1073/pnas.2308950121,8e9639e0e84b498362ee698ad0c606c778c8d6ee,10.48550/arXiv.2408.03414
10.1073/pnas.2308950121,ea31997d72d339f1c4453623ff3d0a24414c5dae,10.1016/j.psychres.2024.116119
10.1073/pnas.2308950121,e1baeb75efad9a60a911f54439d88a32791bf896,10.48550/arXiv.2407.19422
10.1073/pnas.2308950121,81b99485762ec46c5ff29e04df6e9d6b0623f18e,10.1186/s41235-024-00573-7
10.1073/pnas.2308950121,3a51574866a55bdb3c4fecfa9548c4b1e1b0e587,10.1037/emo0001376
10.1073/pnas.2308950121,4944021c85a1efc844ce908950cc777d9a995926,10.3389/frsps.2024.1383152
10.1073/pnas.2308950121,4296f5e2c43930428d9a31dce9061a4ef488f674,10.51698/tripodos.2024.55.06
10.1073/pnas.2308950121,325b74b629e60115c9ef50f07efd6b15818dc0c0,10.48550/arXiv.2406.17055
10.1073/pnas.2308950121,8e4ee9d38e3096db2bdf28b54e5a099caab77f4f,10.1145/3661167.3661207
10.1073/pnas.2308950121,0195bdbe4a9b9c5c46ea893ae57a0b40fa64a865,10.1080/1359432x.2024.2360225
10.1073/pnas.2308950121,e602f0a75f9210448e2326ff66cf665037307976,10.48550/arXiv.2406.09464
10.1073/pnas.2308950121,32d4a2e67966380251cd44170ad8887a84561c0c,10.48550/arXiv.2406.04278
10.1073/pnas.2308950121,4906654ecb2d42cfee13f46bebe2ec02bb6442b1,10.48550/arXiv.2406.00936
10.1073/pnas.2308950121,411dcd66a14479a83e553b5acfc49685a27277d9,10.48550/arXiv.2405.13052
10.1073/pnas.2308950121,ca15915557de2c7b743f9cc42c467676bf52dd21,10.17605/OSF.IO/TBM7D
10.1073/pnas.2308950121,73dd6742433e7daa3edf30599a3da5e7f2d5300a,10.1145/3613905.3636301
10.1073/pnas.2308950121,6983531d76294129365202f3b4905e0e6bbd5477,10.48550/arXiv.2405.02454
10.1073/pnas.2308950121,22daf6621b8d48067d5060e0eee2128ac844b958,10.48550/arXiv.2405.01917
10.1073/pnas.2308950121,379c389219a57540f9ef76e88c1e9254a88b43dd,10.3389/frai.2024.1365508
10.1073/pnas.2308950121,53404ffcd27e376bb20d4ba25776b75eebd11838,10.3386/w32421
10.1073/pnas.2308950121,ae760736abd0cff76c0be2edffed360d7f0a438c,10.48550/arXiv.2404.09045
10.1073/pnas.2308950121,98224ca78dc8a8b4fbdedbc76ceb5a0fd65fae69,10.1038/s43586-024-00310-w
10.1073/pnas.2308950121,f565c7a1216bd69ef8c4d682fb6c9df84002ce7f,10.3758/s13428-024-02381-9
10.1073/pnas.2308950121,67fd95509db470d673a5c9a68deeb1cfdbac616c,10.48550/arXiv.2403.15293
10.1073/pnas.2308950121,9d4624e0d7ff80712e6d82ebff025d108bb2dcc2,10.48550/arXiv.2403.14255
10.1073/pnas.2308950121,0e8ec196e908bb3e2b9a709ee9420f1c4d8577af,
10.1073/pnas.2308950121,42dd2d351a0cd2ba599ec8c8b21cfdc4ad4f3323,10.48550/arXiv.2403.00277
10.1073/pnas.2308950121,bf61d4b7f52d9573e5bced3216d6a36374df3661,10.1098/rsif.2023.0720
10.1073/pnas.2308950121,603fe4509d6e7859d3e7647bf25d19c7f3d269fc,10.48550/arXiv.2402.13589
10.1073/pnas.2308950121,34503f8a9b1b48cd7b24471d9b4c23e41a7849ad,10.18653/v1/2024.acl-long.779
10.1073/pnas.2308950121,7a63385cfdb5c7ecd6b78e3eadb832c4b92ba62b,10.48550/arXiv.2402.04105
10.1073/pnas.2308950121,b86363509341d205945e393941416978fff010fd,10.48550/arXiv.2402.05129
10.1073/pnas.2308950121,a54dcfb673e1bbf5c709908160ca2fa70f2b4bb2,10.48550/arXiv.2401.16657
10.1073/pnas.2308950121,c40988b9d4961db2dd263c1b4a31f4c043531f17,10.1007/s43681-024-00585-5
10.1073/pnas.2308950121,02d389cebe4e9b973832021f48ae11da2ab6e4da,10.3758/s13428-024-02337-z
10.1073/pnas.2308950121,71491b7e8913f24d7d0f01bfd0a9814dc72f4675,10.48550/arXiv.2401.01519
10.1073/pnas.2308950121,30c5c481ded2686e21ce108925d4ecf9d0c62d05,10.1093/pnasnexus/pgae191
10.1073/pnas.2308950121,d5688d5154f934b232ddb7f899b31adf8a08fc2b,10.48550/arXiv.2312.04578
10.1073/pnas.2308950121,2e6796e26030deeb07474118c04faa72299d76c3,10.1017/S0007123423000571
10.1073/pnas.2308950121,dcdcc1b19c238fce92f46ea97033bf4d6b9a9c9e,10.48550/arXiv.2311.05769
10.1073/pnas.2308950121,9bee647cd2999fcd2b68b964bbe128a471d3707c,10.48550/arXiv.2310.15819
10.1073/pnas.2308950121,dd1d5906ccf9725bde74eb0de1fb4b5e01a5c0cc,10.48550/arXiv.2310.12049
10.1073/pnas.2308950121,067cf6cba7aee45d75c8ef31fbda3e7b8cfaaad1,10.1038/s44159-023-00241-5
10.1073/pnas.2308950121,4c8e341c91bbd8dcbb2d3bc18f0e60d41e34035f,10.48550/arXiv.2310.10679
10.1073/pnas.2308950121,4f8ca3ccb77ff3c60ce90910854175eb8ab21a57,10.48550/arXiv.2310.07146
10.1073/pnas.2308950121,913e30f88858ecfa0564371ebcfcee914cd36edd,
10.1073/pnas.2308950121,2630583bfb5a5924bc15264f72c77a27bcb98af7,10.1093/pnasnexus/pgae231
10.1073/pnas.2308950121,029a902df3c04f5faef71c6b57caa19bb432d5c3,10.1007/s42761-023-00199-w
10.1073/pnas.2308950121,b4531fbd97743cb099cc3cafd21b6da06fc3af67,10.2196/50514
10.1073/pnas.2308950121,2406d2b5369d03b3bad307e420d3c40ec0ea4951,10.48550/arXiv.2306.02177
10.1073/pnas.2308950121,5f8b29020b1724bd1fae229868581f31a4f9382a,
10.1073/pnas.2308950121,0ef1625feb4c07162ea5733a9e694a33e124f016,10.1140/epjds/s13688-023-00427-0
10.1073/pnas.2308950121,ee5dbc652c99be394d461112c51e7b31596b5bf9,
10.1073/pnas.2308950121,df99a1ed620a746d4acfc0e865203352bd4fa16e,
10.1073/pnas.2308950121,1c888afc867a68dce202ade8ec5ed7d76a43ce4b,10.5817/wp_muni_econ_2024-06
10.1073/pnas.2308950121,b9e49964645610035846cae5f7878d963686b388,10.20879/acr.2024.21.025
10.1073/pnas.2308950121,eb59c73379fb2723046738a4a8e1de62c88d1831,10.1017/dap.2024.44
10.1073/pnas.2308950121,bb0160113903ec81811120cbe2807495e2adc256,10.48550/arXiv.2410.20130
10.1073/pnas.2308950121,95a5e0c697b5ee66f0a6f472ce395f1eab0002bc,
10.1073/pnas.2308950121,cbe88402f149550df8823d42a02cb50f770c4097,
10.1073/pnas.2308950121,fba48cee29790349eb56898813bc2bad458b2727,
10.48084/etasr.7818,e5e6d8351e549ac96bf6edbc28ed1d0210c2860e,10.48084/etasr.8859
10.3390/app14166952,515352760be6c67c4914961e0814ae6d9bc06e97,10.30574/wjarr.2024.24.3.3725
10.3390/app14166952,39a9fe3fd4e92490c5686b908fa7b347473b87dd,10.3390/app142110069
10.1016/j.dib.2024.110751,f02a913e8765811e0c9c4787df68f55840af360f,10.47134/innovative.v3i3.122
10.1016/j.dib.2024.110663,b513c8d8500489f2e1fbdeb7633db0668686e83c,10.1109/ICITACEE62763.2024.10762784
10.1007/s12145-024-01345-z,edbbc3658b074fae2d0cf0eb30f5ffd01d478a52,10.1080/20964471.2024.2403166
10.1016/j.rser.2024.114570,96045c66e019545b8f67a3922bb7b0e41fd41387,10.1016/j.rser.2024.115303
10.1016/j.rser.2024.114570,12ca187fd07e022a33ecad7374b2a1100ac60266,
10.1016/j.rser.2024.114570,f933cccc902b792a9a49c00d297c8acd44741b67,10.1109/IoTaIS64014.2024.10799309
10.1016/j.rser.2024.114570,bbb92433e3927ebd09b3e8d2ec256bf71bd0d357,10.48550/arXiv.2411.18383
10.1007/s10844-024-00845-0,378ef6735577260016f767bfd17c66c1f3892a9f,10.1007/s10115-024-02214-3
10.1007/s10844-024-00845-0,83556d619cc41de76a077752d866e0e0efc19e07,10.1007/s10844-024-00868-7
10.1007/s10844-024-00845-0,cf06154ede072118867bb85644b77b58964c3186,10.1109/ASET60340.2024.10708752
10.1007/s10844-024-00845-0,38c1aa12c24befc6b8b3e4a65d2fa91be98ad69d,10.1007/s43684-024-00064-y
10.1007/s11042-023-17971-6,a90e998b7d6791bd1056325d21bd3428ea84c13a,10.1007/s11042-024-19672-0
10.1007/s11042-023-17971-6,3cf899ef89a586069cad4efe3fbad48b483af88b,10.1007/s41870-024-01981-0
10.1007/s11469-022-00966-z,9c53e5e3fca44481fd4990a23e4da136b2c64983,10.1109/ICAC3N60023.2023.10541714
10.1371/journal.pone.0306520,de47d8eda535bc489ba80acac0bf8600ca7155a6,10.1016/j.foar.2024.10.002
10.1371/journal.pone.0306520,b2b0afd831fe82e573813c42168eb4b2591d03aa,10.1109/ICISC62624.2024.00075
10.1371/journal.pone.0306520,05142eccc303e0eac532503173e25840e1f52af4,
10.1371/journal.pone.0306520,b0dd40ff112b62edb3560c75139425a36cdb6475,10.1016/j.irfa.2023.102633
10.1371/journal.pone.0306520,d2ebdaa65b175d54dd43304fa894ef90730e383c,10.1109/ACCESS.2024.3517492
10.1371/journal.pone.0306520,260aca6ec684e788f575d7f7392f7153ee198e51,10.3389/fpubh.2021.727047
10.1371/journal.pone.0306520,47547fbf819d7d269b6c51382e32f7be83806695,10.20979/UEYD.874254
10.12785/ijcds/160135,6aa0c41529df019cf47a482b27a1e5cc503fcff5,10.1177/09702385241284879
10.1016/j.engappai.2024.108241,db2941c3ad2c67180657157ed50274c01e825e3c,10.3390/electronics13173431
10.1016/j.engappai.2024.108241,0216ea857d81737ff3ec089212aeb360f3810977,10.1109/ACCESS.2024.3503637
10.1108/MRR-07-2023-0526,0a236f52dd48be52a7ea995d50eb09a0a90cdef2,10.1016/j.techfore.2024.123829
10.1108/MRR-07-2023-0526,643c0d4a08393c52f36e21770763c2d1639e735b,10.1016/j.ijme.2024.101070
10.1108/MRR-07-2023-0526,b06b65baaaf18fdc0bc97ae43f20761cff4efd75,10.12688/f1000research.153215.1
10.1108/MRR-07-2023-0526,50114b47beb4343a1bdb754532e01edead5c68bb,10.1108/ijtc-01-2024-0033
10.1007/s10586-023-04220-6,96f4f7141f7895f3c6770ecba2a9da380f5706e2,10.1080/23311975.2024.2421411
10.1007/s10586-023-04220-6,e1c44f1f32cac542382db87877b4493eddab97ed,10.1109/IDSTA62194.2024.10747006
10.1007/s10586-023-04220-6,76acef11d038b158c636ec91a513f04d442edac0,10.11591/ijece.v14i3.pp3011-3020
10.1007/s10586-023-04220-6,71100d3bc28a74a4618bbf97e59d0942eb46c68a,10.1109/ACCESS.2024.3390605
10.1007/s10586-023-04220-6,f26cf5b2eccf7bcc8fe308ba058b8d92a751e355,10.1109/ACCESS.2024.3392640
10.1007/s10586-023-04220-6,ee5a5e406dd70f95498b98ff95b681b027cfbfa4,10.1109/ACCESS.2024.3406469
10.3390/math12121806,58955cf306fbd4e9555019c8d0c0dcf8c43312b4,10.3390/systems12110475
10.3390/bdcc8060051,78c6e374cb76a26d1ea5cbe0429c3531c9344ce7,10.14569/ijacsa.2024.01508102
10.3390/bdcc8060051,4cf3ec6ab0d84f72e49fccffc0de29784a57a0d7,10.12677/ecl.2024.1341347
10.48084/etasr.7524,e5e6d8351e549ac96bf6edbc28ed1d0210c2860e,10.48084/etasr.8859
10.48084/etasr.7524,1ac3e36c907a7965763dbe1994ab531b55d8c667,10.48084/etasr.8395
10.48084/etasr.7524,caebdf2e79888d9092154a366e29fdccd7d59810,10.48084/etasr.8249
10.1016/j.dajour.2024.100473,b319e7889ea6b0103de971aa051c7635c036aa87,10.31763/iota.v4i3.784
10.1016/j.dajour.2024.100473,8bcbe7cf3d0ad1d081ecdf84c3b23d5ff6a6f3a4,10.18280/ria.380315
10.1016/j.dajour.2024.100473,786b7eb067bcfedfbb62add217f9489660d9efde,10.14569/ijacsa.2024.0150654
10.1016/j.asej.2024.102736,b89e1f26393e6f04bf312f15aa122a90c362bac1,10.1109/ICRAIS62903.2024.10811714
10.1016/j.asej.2024.102736,29c1269e3223177458940c3e8913b0033f3b6367,10.3390/computers13110280
10.1016/j.asej.2024.102736,90022966b11681348d699d421b93fa690bf2d4bc,10.1016/j.heliyon.2024.e36892
10.1016/j.asej.2024.102736,1e0148e7e841457ddb49adb5e39ab05ef574e3b8,10.1111/exsy.13686
10.1016/j.asej.2024.102736,1fd036f7d892facecfcf9d088470611ca06a127c,10.1145/3670403
10.1016/j.asej.2024.102736,073e3514f3ed95ca9cb6f8b91e997e99fcb1a68e,10.1016/j.iswa.2024.200376
10.1016/j.asej.2024.102736,e92809e4bd6b1fbf0dec77283aa9f0132c1887bc,10.1109/ACCESS.2024.3416955
10.1016/j.asej.2024.102736,677abc650b5c934b23ebabfc90031eae29727150,10.18653/v1/2024.arabicnlp-1.90
10.1016/j.ecoser.2024.101614,a9ae36e4baa9a983aaf0929876df80c49a4953b2,10.1016/j.culher.2024.09.011
10.1002/we.2902,461fd5f6ff08e642219d4096d2df76ca6d299552,10.3329/ijss.v24i2.78000
10.1002/we.2902,fdd1bfbfd40253d96906e2201f05a85e54969812,10.1016/j.ijhydene.2024.08.377
10.1002/we.2902,d7560120d3acf5b157ec78ca9a14693b361d6661,10.1002/iis2.13217
10.1002/we.2902,19a543e7ff27d3107f686aad7ea8ecb34caf4970,10.48550/arXiv.2305.03092
10.1002/we.2902,03e9eba8802beda54a0cc1640e6d180385b2aeaf,10.1016/j.apenergy.2023.122338
10.1007/s11760-024-03014-6,fcc78cbb0be1124733a583d23e0e4a02c68b3b4d,10.1080/15332667.2024.2405314
10.1007/s11760-024-03014-6,01f34df27ccd33deb1a349ef786c862c2a21304b,10.1109/ICESC60852.2024.10689776
10.1007/s11760-024-03014-6,bf15d33201c6f75c0aaf9eb58af3ff8cc6b24065,10.1080/23080477.2024.2370210
10.1007/s11760-024-03014-6,5e64f13d438b79200c9540e470f2783d0448d366,10.1109/ACCESS.2024.3487752
10.1109/TCSS.2023.3322002,4aba013aff98685a5d47f92b9e9a2dea9adcc96b,10.33022/ijcs.v13i3.4069
10.1109/TCSS.2023.3322002,a503794e46d3a67a9d2478e561ad2a55a8d9b0a6,10.14569/ijacsa.2024.0150424
10.1109/TCSS.2023.3322002,8ab40279354ddda254e12fff75b202750ee6133e,10.1109/ACCESS.2024.3394843
10.1109/TCSS.2023.3322002,009c0dde590cc2e075727b3e761a3507892b9720,10.2139/ssrn.4814788
10.1177/03611981231200225,71fbfde2cf77c72f46a878f5f0856e248b24ba5f,10.3390/su16177245
10.1177/03611981231200225,55c6a07287d5835bbe3a883f5ae46585aa9b149f,10.1108/k-05-2023-0884
10.1177/03611981231200225,7974571f4d446998af8b788584d305fdc03eef9e,10.46254/an13.20230504
10.1177/01655515221100728,cddc10201123e8b8b336e81f6af0d85dfe5d5dbb,10.1145/3702879.3702908
10.1177/01655515221100728,71ab7d84ad33a41cb591b117d1a0c195eb46372a,10.1007/s00500-024-09754-4
10.1177/01655515221100728,595c1f8de2aaf59f2b2526024b006a715c9b0c21,10.2478/amns-2024-3033
10.1177/14614448221099900,ae97a64f1a64dbf7004212b0a05982ef1b5c4fb0,10.70082/esiculture.vi.747
10.1177/14614448221099900,cfd21d897588d7008ef34cabf688924c2fcb34e7,10.3389/fdgth.2023.1297983
10.1177/14614448221099900,e1731aa12c30c7fce2acdbefe31ed6b88d8cf0ce,10.1080/00918369.2023.2263801
10.1177/14614448221099900,d72c7a709270963037ba65d888bec9b94c3e1139,10.1016/j.chbah.2023.100011
10.1177/14614448221099900,eed5da6e0941c5c1bfd306d7ae5c2f782aa02a07,10.1371/journal.pone.0273636
10.12785/ijcds/1501114,c706a1b5d398cd016f351b8fbcb7f2ef53a64380,10.14201/adcaij.31601
10.1016/j.heliyon.2024.e27863,302efde17b55d24076256ff3811bd1eaa331e50f,10.54097/dppqhd33
10.1016/j.heliyon.2024.e27863,9d99a9db551a0a67ef9a45be2a0248c91f95cbbc,10.4103/jnsm.jnsm_68_24
10.1016/j.heliyon.2024.e27863,67f1e27f2021f6c9749a8476b05e73fe6e2850e6,10.21608/mjcis.2024.275844.1002
10.1016/j.heliyon.2024.e27863,143631bd376951b5244526a8a687006fefdc72b4,10.1016/j.jjimei.2024.100295
10.1016/j.heliyon.2024.e27863,d77691e615f5cf04ea1f403ce1bfd46fa8e4f129,10.1016/j.heliyon.2024.e39786
10.1016/j.heliyon.2024.e27863,378ef6735577260016f767bfd17c66c1f3892a9f,10.1007/s10115-024-02214-3
10.1016/j.heliyon.2024.e27863,d6fdc3a640ceee751dcf5f8f464089929c832d7d,10.1109/ICSCSS60660.2024.10624998
10.1016/j.heliyon.2024.e27863,22d1811cda2e62ca867cd07b6c42073ff7965f2b,10.33022/ijcs.v13i3.4049
10.1016/j.heliyon.2024.e27863,d3d98f81ac8eeafe5ac3e0e23125ef6449bce228,10.3390/app14104295
10.1016/j.heliyon.2024.e27863,af11ae234de2d1273b0c0d643d0eee94cd0e73c5,10.1016/j.heliyon.2024.e30320
10.1016/j.heliyon.2024.e27863,5023179dc5227fc12898f240f70ec2b56bdd9b03,10.1007/s10579-024-09764-6
10.1016/j.heliyon.2024.e27863,b9073769d7a355db9a3f0a17b62e547add7526d8,10.1109/ACCESS.2024.3478835
10.1016/j.heliyon.2024.e27863,f9e2b588a530d99dee84ced29c1ff1a7482df99a,10.1109/ACCESS.2024.3441323
10.47738/jads.v5i2.208,a60c9c87fca4f3882ef5cc2382946915e81801e7,10.1016/j.teler.2024.100173
10.3390/computers13050114,bdb79295801739b01900395f2e5c2eea5013e58a,10.14569/ijacsa.2024.0151199
10.1371/journal.pone.0302502,b295cf548cc868f3e879fee333f76379e9917bad,10.33394/ijete.v2i1.14195
10.1371/journal.pone.0302502,f55502d8e0e73a4ece7145d80349e33e94f97f25,10.1109/ICECCME62383.2024.10796964
10.1371/journal.pone.0302502,f012d7fd11c848642b11b888a30931653944772d,10.1016/j.etdah.2024.100157
10.1371/journal.pone.0302502,eb5137566bd1c50f61e073f8c649020c898f7112,10.33394/j-lkf.v12i1.11748
10.1016/j.biocon.2024.110557,a6ce73d33679c4dd058e5425c4d057addff7338b,10.1002/pan3.10730
10.1016/j.techfore.2024.123326,1a660a38bc33ed7fefc9a0d0ac8c9e3ba3a362ce,10.1111/exsy.13764
10.1016/j.techfore.2024.123326,8270e015ade1aa84d1927ae3c39eb7c909d0329a,10.1016/j.techsoc.2024.102664
10.1016/j.techfore.2024.123326,44e3e91e088e032e5a0aa83f261be8faac6aa1be,10.1109/ACCESS.2024.3446897
10.1007/s11042-023-17569-y,4d75a3c9cbd103a4e02d752bb263cb9092baa15b,10.1109/ICDSNS62112.2024.10691211
10.1007/s11042-023-17569-y,cbce2a1fdc69bd4aef244c8c3d813459191e7155,10.1109/IConSCEPT61884.2024.10627853
10.1007/s11042-023-17383-6,59390c439a93008d6b0cf08b71f6435f445d8623,10.1109/ICoICI62503.2024.10696109
10.1007/s11042-023-17383-6,b10cfbeebb31f44dcc3028266e4f2fa9af0e2cd9,10.1109/ACCAI61061.2024.10602349
10.1007/s11042-023-17383-6,8e6dbc07f82dafa578e93ced065931671ba85571,10.1109/ICCSP60870.2024.10543702
10.1007/s11042-023-17383-6,6394e1dd7db6edefb5026150245d03dbd73972e4,10.1109/ICDCOT61034.2024.10515983
10.1007/s11042-023-17383-6,f40abd30ec07ccdb4245a995fc103ce2b79adc7d,10.1109/ICIPTM59628.2024.10563763
10.1007/s13198-023-02082-0,20d597a1b00b352cb2190db5522372fb7039c7c0,10.1002/widm.1549
10.1007/s13198-023-02082-0,ff70aa7057b8cc074d2b22eacb739661bbb914b3,10.52783/jes.2147
10.1007/s13198-023-02082-0,e6ece8dfa801c7c4c70996ce2af40610f8b846dc,10.1038/s41598-024-76079-5
10.1007/s13198-023-02082-0,045f508f1096a745f40223cd077223d27374a060,10.1109/IITCEE59897.2024.10467968
10.1007/s13198-023-02082-0,7f81d6148a71712cba1bda8f689d2b83438e7510,10.31127/tuje.1352481
10.1145/3648360,2e94522794159d39bbe1d5faa6d1d7f15d02a0e3,10.29121/shodhkosh.v5.i5.2024.1889
10.1016/j.jad.2024.01.234,d1edb0d174bd890096a01e600f12bb5e82d0290c,10.3389/fneur.2024.1459578
10.1016/j.jad.2024.01.234,8d2828a50a1a988e4536dda3f631bc5bf656be61,10.62051/mjqpv412
10.1016/j.eswa.2023.122582,41b069d01da3b750a6d013274cd337e94c27fbf5,10.1371/journal.pone.0315270
10.1016/j.eswa.2023.122582,74c31357e95294344b6e07fba524a52e932714f6,10.3390/safety11010001
10.1016/j.eswa.2023.122582,0c5be2c9c15c6519493134b236b7964ae49e54b2,10.3390/ai5030054
10.1016/j.eswa.2023.122582,57d291e586b0e9ce2cb5a7286a2a696ce63f04e3,10.31110/colins/2024-3/002
10.35882/jeeemi.v6i2.381,e082f5ab4d01713db8fa94696476396dcd63180e,10.32332/milrev.v3i2.9859
10.35882/jeeemi.v6i2.381,ef5d55a1c2977f202bf17f809ef60e3e8203eb4a,10.30656/jsii.v11i2.9168
10.35882/jeeemi.v6i2.381,7cd2532c3279abef6c04a15ede7c6d1ec44f1cdf,10.35882/jeeemi.v6i3.453
10.56042/jsir.v83i4.1012,378ef6735577260016f767bfd17c66c1f3892a9f,10.1007/s10115-024-02214-3
10.1007/s42001-023-00236-5,d6e00b327d13727c76989eae8538769076ca4d12,10.1016/j.displa.2024.102958
10.1007/s42001-023-00236-5,3a6451a37358584034d77ff04c44195981361633,10.1007/s42001-024-00334-y
10.1007/s42001-023-00236-5,4bb058e64062dd46b65b6d2a5624b4a33ced7dfa,10.1016/j.compbiomed.2024.108721
10.1007/s42001-023-00236-5,d9084fe1574ef880653c4d1b47be6bb5f9898d5c,10.1007/s42001-024-00291-6
10.1007/s42001-023-00236-5,3be66bac4d5024b512e9afc230eaa1333aa778b9,10.2339/politeknik.1386467
10.1007/s42001-023-00228-5,21044f01b63a4634a2ce1ba0ff8339646e37bd7d,10.1016/j.frl.2024.106325
10.1007/s42001-023-00228-5,f816f3bdf85aae6352a19f90645d299f98b499cc,10.48550/arXiv.2408.02520
10.1007/s42001-023-00228-5,ec95987ee98a7442a264bf262fc733339b2a74e2,10.1007/s40617-024-00929-x
10.1007/s11042-023-17278-6,973fdb685652de2edcad8cedf4455dd46da91763,10.3390/math12213405
10.1007/s11042-023-17278-6,8e5c817e06f6b36dd50d9bf45178825d3af48402,10.1109/ICEEICT61591.2024.10718476
10.1007/s11042-023-17278-6,e875ec3e3b9088eac1dbea4ed279cc903406552a,10.31763/sitech.v4i2.1184
10.1007/s11042-023-17278-6,174d5e347a85efdf67dbf9db4a1ac0bf1d4b7da7,10.1590/1678-4324-2024240183
10.1007/s11042-023-17278-6,c6c270c774a1ef21ff1524b34399c823dcc35334,10.1109/ACCESS.2024.3513321
10.1007/s11042-023-16221-z,7445ae5c5ecc8d830bec1a062b4b6be97abf12a1,10.7717/peerj-cs.2251
10.1007/s11042-023-16221-z,5fd3e818b82d7ed1ebed2ae899dd11a34da90ee3,10.38032/jea.2024.02.001
10.1007/s11042-023-16221-z,3e501c5b8dfc0ed16ecd64d704bc81a1d80d188a,10.1109/ICAIIHI57871.2023.10489117
10.1007/s11042-023-16221-z,460ada4d828544037885bc50bbeca25b2580cdd5,
10.1007/s11042-023-16221-z,511ea2c64c8904117216ee9205cf9f939aa1d571,
10.1007/s11042-023-16221-z,9c775a5f4a9b3ee79d73a7a12ad20f44d6a1d6a4,
10.1108/IDD-01-2023-0002,a4562daa6587d547b0e263688aa885ea067da657,10.1109/ICEEICT62016.2024.10534417
10.1108/IDD-01-2023-0002,a2d75cd2eba9c1cb47eac321f5c6fb03409eb7b7,10.61927/igmin137
10.1108/IDD-01-2023-0002,32003f65d8f34d704914b001bf3cf5b99285dbc3,10.1145/3632754.3633077
10.1108/IDD-01-2023-0002,f37051ef443f348e0d0f5e012e6ee1b14ec79139,
10.14445/23488549/IJECE-V11I3P111,f7c1bf53f95b3bfa637dd2ff2d5cb38b89e2665d,10.22266/ijies2024.1031.29
10.14445/23488549/IJECE-V11I3P111,6c71fd86ddfa9b55a57e058031e23c9aad44a342,10.52783/cana.v31.1443
10.14445/23488549/IJECE-V11I3P111,f80ea36e0282adf0ada31622028f9711115eb854,10.1109/ICSTEM61137.2024.10560773
10.1142/S0218213023500641,0acb387206fc3d2f5a44efd5b1705aa7a33f09e4,10.1109/IISA62523.2024.10786656
10.1142/S0218213023500641,946eb8dddc4652c90bd671bf03d9674e92a6cfd8,10.1016/j.procs.2024.10.172
10.3390/make6010009,7217af355cbb4cf71dfe4b510b2a7e8736c87a74,10.1007/s41870-024-02350-7
10.3390/make6010009,d06fef786f0124b1cc3ad0bc7c4d483ff5c5c7d9,10.22399/ijcesen.623
10.3390/make6010009,b0c8c805b7183cfc96e19979208bad04f40860a7,10.3390/su162310355
10.3390/make6010009,6e6d7311bdfbc11e5bddb9f1857cf871ec4dfd2b,10.48550/arXiv.2410.15308
10.3390/make6010009,63e561e2f26eb8265a1411b9671362a603918b96,10.1109/IConSCEPT61884.2024.10627823
10.3390/make6010009,64ca6015a723ef04ea4a6cae15b4dd9b594f709e,10.36548/jtcsst.2024.2.001
10.3390/make6010009,b96859211e5bc4a904bf82f1cf570d179d9df093,10.58496/adsa/2024/006
10.3390/make6010009,ac4ad35fe36bc94900ca8ace5b5a8174a16743d8,10.5121/ijaia.2024.15108
10.1016/j.giq.2023.101899,6352f7b2a5b618c42f0a6edbce8031af8515c080,10.1145/3680127.3680218
10.1016/j.giq.2023.101899,7dc6a41f7792a375cc0086b1ddfd4cd0a7811ff6,10.1145/3680127.3680213
10.1007/s12559-023-10227-3,f23c303b4f24a2cd1b7419d515a6701f43cdcd0f,10.1038/s41598-024-70766-z
10.1007/s12559-023-10227-3,4ab658b930b8f21dc7cc84243a7cd1591414732d,10.3390/info15090513
10.1007/s12559-023-10227-3,1e13355acef351d8d8e5e60d23502c0b29ae39b4,10.12785/ijcds/160119
10.1007/s12559-023-10227-3,425b08a0dc177a6832cb333ea79645d9ca05362a,10.1111/exsy.13609
10.1007/s12559-023-10227-3,dd054f8c56ead090eca075d9b424c1e361ee6107,10.1109/ICDECS59733.2023.10502454
10.1007/s12559-023-10227-3,b06b87049eb20fb4b66b05a72d8fadd544ea32e6,10.1007/s12559-024-10245-9
10.1007/s12559-023-10227-3,e875ec3e3b9088eac1dbea4ed279cc903406552a,10.31763/sitech.v4i2.1184
10.1007/s12559-023-10227-3,946eb8dddc4652c90bd671bf03d9674e92a6cfd8,10.1016/j.procs.2024.10.172
10.1007/s11042-023-16564-7,33beda38d2cb37e98f0531bf860ab2fa5b881fdb,10.3389/fmed.2024.1460553
10.1007/s11042-023-16564-7,7445ae5c5ecc8d830bec1a062b4b6be97abf12a1,10.7717/peerj-cs.2251
10.1007/s11042-023-16564-7,1627b70db1e36f74b1736c61494326835893d08f,10.1109/ICCPCT61902.2024.10673358
10.1007/s11042-023-16564-7,e368c8b3f4074c1657cec31d615fb018f3cebc68,10.48550/arXiv.2401.04655
10.1007/s11042-023-16564-7,a9a1a2cfb8be448e5f58e32230892b161cb3768d,10.21926/obm.neurobiol.2304195
10.1007/s00354-023-00227-0,79c1aabda4e8e4acf485a077ecf9aab1a47399b3,10.1016/j.joitmc.2024.100453
10.1007/s00354-023-00227-0,f5bf2bf27815d836c17db2b259b9b4a6a6df5f2f,10.3390/computers13110275
10.1007/s00354-023-00227-0,ca1db453212adcb4e0e8e435691870af413bed17,10.1109/UEMCON62879.2024.10754703
10.1007/s00354-023-00227-0,4349989bb58e9b749d70a9b636a2336666641948,10.1016/j.rcsop.2024.100521
10.1007/s00354-023-00227-0,7ec21958c14349855daa040aba74c7601979d6e7,10.3389/fmed.2024.1443812
10.1007/s00354-023-00227-0,a71ef6119eb11cee05c2f0b18cb159e4acd2d240,10.3390/biomimetics9090533
10.1007/s00354-023-00227-0,ffda5076e7f551fe884785687fc7c242fd077269,10.11591/ijece.v14i4.pp4034-4045
10.1007/s00354-023-00227-0,e387cbbc315266ee57b0457df4568516d80baa86,10.61186/jist.38104.12.46.117
10.1007/s00354-023-00227-0,12e39f4158a717e06b154a9983d1dd114d086536,10.1038/s41598-024-58944-5
10.1007/s00354-023-00227-0,bd05017c59288079e14953debf8d7114b75b3bc0,10.1109/INCET61516.2024.10593194
10.1007/s00354-023-00227-0,da396c5b9077fd74420b5d7a060194063ec70607,10.3390/app14083276
10.1007/s00354-023-00227-0,0c0a72c61bfb4a12c68c2265546896c5309a7929,10.1038/s41598-024-58680-w
10.1007/s00354-023-00227-0,e6ece8dfa801c7c4c70996ce2af40610f8b846dc,10.1038/s41598-024-76079-5
10.1007/s00354-023-00227-0,5ad8b73268eef115bb7bfdff9e4bbd865794315c,10.1007/s00354-024-00251-8
10.1007/s00354-023-00227-0,bdf690181ff45a6c4233f4eaec4f79e9a157411b,10.1002/eng2.12874
10.1007/s00354-023-00227-0,8f83888c247839178ffb477557fe166ccfca8d6e,10.1007/s11042-024-18437-z
10.1007/s00354-023-00227-0,1c626f4cef097c2d4f503a56b25c48009420f5c5,10.1007/s12065-023-00900-9
10.1007/s00354-023-00227-0,b4dd8c11640563d2fa9bbbef9eda5a3964107171,10.1007/s13278-023-01188-4
10.1007/s00354-023-00227-0,97b530fd84e39ecc99844be20b2bab61eee24d11,10.3389/fimmu.2023.1225557
10.1007/s00354-023-00227-0,fac0a76c903ade05c446bb36b3b3ccf4b95b0e6b,10.4108/eetpht.9.4313
10.1007/s00354-023-00227-0,43be665d4a2fe95b72487f6efb50452556589df8,10.1109/EASCT59475.2023.10392668
10.1007/s00354-023-00227-0,0489e8f538af848e03fa636da170ba870cf2f4ef,10.3390/app132011157
10.1007/s00354-023-00227-0,78ca61d6c4b0b66ed095f27788718ac41c7a5876,10.3390/computers12100191
10.1007/s00354-023-00227-0,001ac654c6ffa210c2e3012dc4c24418a59b5cf4,10.3390/diagnostics13182968
10.1007/s00354-023-00227-0,53177b8b30497755fc6e1209e6b74e40e46639c3,10.1109/ACCESS.2024.3437734
10.1007/s00354-023-00227-0,c6c270c774a1ef21ff1524b34399c823dcc35334,10.1109/ACCESS.2024.3513321
10.1007/s00354-023-00227-0,d48bc0f9b5519eb7038743ba12f2bc8eb29001ac,10.24138/jcomss-2023-0126
10.1145/3605152,21009d4f3f5e081f63be60588ee7057221df852e,10.1007/s42979-024-03567-w
10.1145/3605152,6cc5e683aed9ba8df68b62d9c75ae9aef7d5e3e4,10.1080/12460125.2024.2428977
10.1145/3605152,ecd8e10d94462e2c5cb9a9b678eeb03bc87b4834,10.1016/j.jretconser.2024.104029
10.1145/3605152,ad196d24f13d088fc06c7a539dd22b66ae1d62ef,10.1038/s41598-024-74918-z
10.1145/3605152,338fa05bc5cb970aca4f53e95715e882587af13f,10.1109/EECSI63442.2024.10776092
10.1145/3605152,656297114f081ae20a6b35f668919748d13eaa15,10.1007/s00500-024-09899-2
10.1145/3605152,705339723a400ff646bd64c26c5f0365c5ccd3f5,10.1108/ijchm-08-2023-1234
10.1145/3605152,96a9c8c03847a8e3effd376221c6b3c7a3051418,10.1109/PAEE63906.2024.10701451
10.1145/3605152,0f02dd289f02f513ce78bf6a5bde65d15ea69b73,10.48550/arXiv.2404.14228
10.1145/3605152,cd699d492b8314d6a970e86808adb2711b77e41d,10.1109/ICDCOT61034.2024.10516070
10.1145/3605152,9bf457885528847815c4058ad66aa57d7dea5bde,10.1111/coin.12609
10.1145/3605152,0ffe3105809cc0daef74c738c8b1d6b4db7b1420,10.12720/jait.15.10.1106-1116
10.1145/3605152,e9b2d3dbc4267d3e3371d2f9dd1f6b5cccbd90de,10.1016/j.procs.2024.09.202
10.1145/3605152,989f042233af6fbb27ffd598bfac0b84669f5cc4,
10.18280/isi.290138,cacded748e19b9f02194df7b11ecf145246c3acd,10.32332/ijalt.v6i02.9925
10.18280/ria.380107,3751f3f7c9bbbb3f21ba8c33568987e296a54b9b,10.19109/543h0568
10.18280/ria.380107,7001d5b108464b1a6581d445b46a9e8a4574afe9,10.1051/itmconf/20246503009
10.3390/educsci14020196,a6720c373bc1c48191a65b12361717a47b1c9941,10.31851/esteem.v7i2.15317
10.3390/educsci14020196,60a9b612288831288a1a90e97f383e777b28fd50,10.1007/s42010-024-00203-7
10.3390/educsci14020196,6f5d314f945e3302e1033a84ca7f0c0fcd2cd328,10.1057/s41307-024-00353-4
10.1371/journal.pone.0272107,bfc1e54892a71a8436f7737a9495702d8894f9ca,10.3390/brainsci14121259
10.1371/journal.pone.0272107,5746377773130ba6cb9c3c7e4574d5a20c96932f,10.1016/j.jad.2024.07.008
10.3390/s24041270,084087ba70f8a2041139f7c24381b6ca26392437,10.1016/j.cmpb.2024.108321
10.3390/s24041270,5a033ab60f03b735f70761ae87d7c59c85ed79e7,
10.1371/journal.pone.0298298,89df88666c25a20ea40e8f1502a78e22eb9073a0,10.3389/fdata.2024.1501154
10.1371/journal.pone.0298298,dd6f68469cad9f2e6e93846d2cb86181905051ef,10.3389/fdata.2024.1357926
10.1016/j.artmed.2023.102758,378ef6735577260016f767bfd17c66c1f3892a9f,10.1007/s10115-024-02214-3
10.1016/j.artmed.2023.102758,60c9d84f066ce6878729f45e5f80db93a7f8ca5c,10.2478/amns-2024-1732
10.1016/j.artmed.2023.102758,54d83a21ad1d2cb624b5547ccc3eba68d2c54b70,10.54216/ijns.240128
10.1016/j.ecoser.2023.101581,4202350e7433ce90463c836b692a521969828d2c,10.1016/j.jnc.2024.126786
10.1016/j.ecoser.2023.101581,4734bb9b40726f0fd1d7a2ceac73476f14d6388c,10.1016/j.regsus.2024.100179
10.1016/j.ecoser.2023.101581,b6e5013f0121cf0842dc37965d931e20f0bedef0,10.1016/j.ecolind.2024.112376
10.1016/j.ecoser.2023.101581,e7e2e225a6b270e00425fafaf40e3b2364bf38d4,10.1016/j.ecolind.2024.112115
10.1016/j.ecoser.2023.101581,9ad67b728e57834df532ca3c3c2ceee7e418cb11,10.3390/land13040563
10.1007/s11042-023-16262-4,f7ad74389cae1db7051d2443a8ce76e2db4fb724,10.1007/s11042-024-19999-8
10.1007/s11042-023-16262-4,a146def1dd1c1f61c82a4b8871d32db456e518ee,10.1109/MIPR62202.2024.00045
10.1007/s11042-023-16262-4,4f39bef4cbb9f13fe12c94e17a8978d52d01f16b,10.1007/s00530-024-01308-w
10.1007/s11042-023-16262-4,73ed14c5e020532ad28ccddbf3ef14b9ea6c9d64,10.1007/s11042-024-18407-5
10.1007/s11042-023-16262-4,205e7a00c5bd747727e6ab92ccb4083e3dff5ea2,10.1109/ACCESS.2024.3454537
10.1007/s11042-023-16262-4,2d9e5899bfced3f140f80522ee45f2d46a06dc0a,10.1109/ACCESS.2024.3519296
10.1007/s11042-023-16262-4,47b1431012581dd03609039ea0d1836f9aeb62b1,
10.1109/TCSS.2023.3236368,133a5b72ac0812e4a8157986d09e0b0c2b5d51fc,10.3389/fdgth.2024.1427845
10.1109/TCSS.2023.3236368,bc47ff6a427650405d6c2461e2100b9d1a63e604,10.1016/j.artmed.2024.102980
10.1109/TCSS.2023.3236368,7b2a280cad6932f63fda797245ba92a2ce848427,10.1371/journal.pdig.0000545
10.1109/TCSS.2023.3236368,3e5a5fbaf22ce14919686534f5126b2ac6302047,10.23919/IST-Africa63983.2024.10569247
10.1109/TCSS.2023.3236368,54ac962531cbf63db757d9893fa25af3fc98b583,10.1098/rsif.2023.0200
10.1109/TCSS.2023.3236368,1d548bdf81964894104a47f4ef7e281b8b58eeea,10.3389/frai.2023.1101364
10.1109/TCSS.2023.3236368,e83b67e25c7429070eb2806ae7da29ec48664d40,10.1016/j.dajour.2023.100243
10.1109/TCSS.2023.3236368,e3a2451115bd6d83b63c9ea667ee5cc86906dec2,10.1016/j.health.2023.100172
10.1109/TCSS.2023.3236368,86e399c22632680882027aa3b8e0ca7d204f746d,10.1109/ACCESS.2024.3351188
10.1109/TCSS.2023.3236368,2635a89d89cd2fe4b3a4c0397c814768ec39e00b,10.1109/ACCESS.2024.3418974
10.1007/s40745-022-00445-1,973fdb685652de2edcad8cedf4455dd46da91763,10.3390/math12213405
10.1007/s40745-022-00445-1,7187bde9e1ad2f041448e4ca9878680bd4edf69c,10.1109/ICSES63445.2024.10762976
10.1007/s40745-022-00445-1,b1abb0a3209c20c82d74d11595dda21a94904492,10.1007/s42979-024-03216-2
10.1007/s40745-022-00445-1,af11ae234de2d1273b0c0d643d0eee94cd0e73c5,10.1016/j.heliyon.2024.e30320
10.1007/s40745-022-00445-1,fa8f77766b5aa7dd2356f940bd3bda48eb147ea9,10.1016/j.nlp.2024.100059
10.1007/s40745-022-00445-1,a9a1d35346d20c225785c6f54b1d159f889b7639,10.48550/arXiv.2310.07086
10.1007/s40745-022-00445-1,16b890e6b411849dde48ce05108293c5536e4c91,10.1109/ISACC56298.2023.10083981
10.1007/s40745-022-00434-4,1f7c89a45eb534d8c26062f174f78e359eb4229c,10.24843/mite.2023.v22i02.p15
10.1007/s40745-022-00434-4,c67a625157a5ce80ee92caa2cf2f2c1ba872fb19,10.1145/3637877
10.1007/s40745-022-00434-4,b0d99e905a1b79c22451dee387ed6d4219c6e4bb,10.1109/ICET59753.2023.10374930
10.1007/s40745-022-00434-4,46abf2d21db5922cadd6e4461e3b7497b900feb3,10.1016/j.procs.2024.04.138
10.32985/ijeces.15.1.7,39fcfbdd8af4f864b95704a10977bd7507ec4f99,10.1109/ICITEE62483.2024.10808802
10.32985/ijeces.15.1.7,76acef11d038b158c636ec91a513f04d442edac0,10.11591/ijece.v14i3.pp3011-3020
10.32985/ijeces.15.1.7,f9c6d87c832cfcb722cd006454e8ee3d393fbd4e,10.18255/1818-1015-2024-1-90-101
10.1145/3647782.3647804,53f60a6bfb7e01cc2ca75f1098331340b3773507,10.48550/arXiv.2406.09559
10.4108/airo.5140,30673ca8e73fc221e493ad1264a0d20d3ee71c29,10.59581/jrim-widyakarya.v2i3.3964
